{"cameraMode":{"drawMode":0,"name":"Shaded","section":"Shading Mode"},"sceneLighting":false,"audioPlay":false,"sceneViewState":{"m_AlwaysRefresh":false,"showFog":false,"showSkybox":false,"showFlares":false,"showImageEffects":false,"showParticleSystems":false,"showVisualEffectGraphs":true,"m_FxEnabled":true},"in2DMode":false,"pivot":{"x":0.37673112750053408,"y":0.634455144405365,"z":0.2360459566116333},"rotation":{"x":-0.007608485873788595,"y":0.9767686724662781,"z":-0.21125629544258119,"w":-0.035178814083337787},"size":0.7812836170196533,"orthographic":false}